{"cameraMode":{"drawMode":0,"name":"Shaded","section":"Shading Mode"},"sceneLighting":true,"audioPlay":false,"sceneViewState":{"m_AlwaysRefresh":false,"showFog":true,"showSkybox":true,"showFlares":true,"showImageEffects":true,"showParticleSystems":true,"showVisualEffectGraphs":true,"m_FxEnabled":true},"in2DMode":false,"pivot":{"x":1067.44482421875,"y":718.1173095703125,"z":221.8907470703125},"rotation":{"x":-0.024306198582053186,"y":0.011093167588114739,"z":-0.0002692665148060769,"w":-0.9996477961540222},"size":984.5821533203125,"orthographic":false}