{"cameraMode":{"drawMode":0,"name":"Shaded","section":"Shading Mode"},"sceneLighting":true,"audioPlay":false,"sceneViewState":{"m_AlwaysRefresh":false,"showFog":true,"showSkybox":true,"showFlares":true,"showImageEffects":true,"showParticleSystems":true,"showVisualEffectGraphs":true,"m_FxEnabled":true},"in2DMode":false,"pivot":{"x":924.0938110351563,"y":652.5333251953125,"z":14.210601806640625},"rotation":{"x":0.0011899818200618029,"y":-0.00840332917869091,"z":-0.000009548261914460454,"w":-0.9999687075614929},"size":773.7916870117188,"orthographic":false}